{
  "user": [
    {
      "name": "user 1",
      "id": 1
    },
    {
      "name": "user 1",
      "id": 2
    },
    {
      "name": "user 1",
      "id": 3
    },
    {
      "name": "user 1",
      "id": 4
    }
  ],
  "todos": [
    {
      "title": "awdawd",
      "description": "awfawfawf",
      "id": 61
    },
    {
      "title": "afwf",
      "description": "aawgageg",
      "id": 62
    },
    {
      "title": "salom ",
      "description": "salom",
      "id": 66
    },
    {
      "title": "title11111111",
      "description": "title22222222222",
      "id": 67
    },
    {
      "title": "lorem111111111",
      "description": "lorem22222222222222",
      "id": 68
    },
    {
      "title": "awwfaef",
      "description": "srgsegsg",
      "id": 70
    },
    {
      "title": "segseg",
      "description": "segegsg",
      "id": 71
    },
    {
      "title": "sesegseg",
      "description": "segsegseg",
      "id": 72
    },
    {
      "title": "awffwa",
      "description": "awfawfawf",
      "id": 73
    },
    {
      "title": "effefss",
      "description": "segsegseg",
      "id": 74
    },
    {
      "title": "segsge",
      "description": "segeg",
      "id": 75
    },
    {
      "title": "loremmmmmmmm",
      "description": "mmmmmmmmmmmmm",
      "id": 76
    },
    {
      "title": "iiiiiiiiiii",
      "description": "iiiiiiiiiiiiii",
      "id": 77
    },
    {
      "title": "99999999999999",
      "description": "9999999999999",
      "id": 78
    },
    {
      "title": "awfawfawf",
      "description": "awfawf",
      "id": 79
    },
    {
      "title": "awdawd",
      "description": "awdawd",
      "id": 80
    },
    {
      "title": "awdawd",
      "description": "awdawdawd",
      "id": 81
    },
    {
      "title": "abdulaziz",
      "description": "abdulazizizzzzzzz",
      "id": 82
    }
  ]
}